name,path
阿尔法罗密欧,/uploads/photo/picture/29430/photo-20140923210906-8b3c14af84ac764a56c72e2579f43e7f.jpg
阿斯顿・马丁,/uploads/photo/picture/29431/photo-20140923210906-e65b395f38aafb6b68ed94aabd66ecf4.jpg
奥迪,/uploads/photo/picture/29432/photo-20140923210906-be42f7ce584c455d58cd3d7fc7090219.jpg
巴博斯,/uploads/photo/picture/29433/photo-20140923210906-28acfd78e05332ae6c63a434c5efbeed.jpg
宝骏,/uploads/photo/picture/29434/photo-20140923210906-98137ed3f0df9486bb30b68f56d5ed73.jpg
宝马,/uploads/photo/picture/29435/photo-20140923210906-af0909549f903893218364e56dc74f05.jpg
保时捷,/uploads/photo/picture/29436/photo-20140923210907-5afd47313306c6ed87f5e5a3dcae2e78.gif
北京汽车,/uploads/photo/picture/29437/photo-20140923210907-1c0aad556aa6546cc758d4bffc0305cd.jpg
北汽幻速,/uploads/photo/picture/29438/photo-20140923210907-a549b8b0d5e408dba2fb117b1a65e8f8.jpg
北汽威旺,/uploads/photo/picture/29439/photo-20140923210907-0772fb7e40d492a632c8aafa8ef2a2da.jpg
北汽新能源,/uploads/photo/picture/29440/photo-20140923210907-15b7d3217eafc8bd9ec69ce98ff55a53.jpg
北汽制造,/uploads/photo/picture/29441/photo-20140923210907-1508cc5115dbfafadf6cf93bbb5bf11e.jpg
奔驰,/uploads/photo/picture/29442/photo-20140923210908-16099e1c3111ca6a8a5321da1695ac00.jpg
奔腾,/uploads/photo/picture/29443/photo-20140923210908-ee429fb0900c29481996695aed12c21f.jpg
本田,/uploads/photo/picture/29444/photo-20140923210908-155b0f54170be8d9c057c884299fb8fd.jpg
比亚迪,/uploads/photo/picture/29445/photo-20140923210908-6bc2e1e2cbf4fbf657e019b9d38e6eed.jpg
标致,/uploads/photo/picture/29446/photo-20140923210908-40dc3ad1d54d9ffd2512f23adb77b03d.jpg
别克,/uploads/photo/picture/29447/photo-20140923210908-12ee22826943bc9fd90326e11d55ad16.jpg
宾利,/uploads/photo/picture/29448/photo-20140923210908-ae2ad33bbdf284026a160c74508d90bd.jpg
布加迪,/uploads/photo/picture/29449/photo-20140923210908-6ac232edc168732e9f9215cd883960c9.jpg
昌河,/uploads/photo/picture/29450/photo-20140923210908-3370461e7b84e946a7315f2eebb91b76.jpg
长安,/uploads/photo/picture/29451/photo-20141117211101-ca.jpg
长安商用,/uploads/photo/picture/29452/photo-20140923210909-bd8cc6b85609fc33a1c41da7c4068d62.jpg
长城,/uploads/photo/picture/29453/photo-20140923210909-9db2fc73869a09b4bc42d2572ab8df47.jpg
Dacia,/uploads/photo/picture/29454/photo-20140923210909-9993affb649408ed7f7cb8ccbf4768f8.jpg
DS,/uploads/photo/picture/29455/photo-20140923210909-fe43b478e99993da352d9fd4c2c1fded.jpg
大发,/uploads/photo/picture/29456/photo-20140923210909-0a8352a0daa09eea614e8caf41e15787.jpg
大众,/uploads/photo/picture/29457/photo-20140923210909-1654531c08f35ee723f25e6dbb465b21.jpg
道奇,/uploads/photo/picture/29458/photo-20140923210909-96287368e9357e1b2a3b0f145839846f.jpg
东风,/uploads/photo/picture/29459/photo-20140923210909-a64bc0acc934c6b73cb2c4de593c866d.jpg
东风风度,/uploads/photo/picture/29460/photo-20140923210909-0a53636839b2638343768138f27613af.jpg
东风风神,/uploads/photo/picture/29461/photo-20140923210910-bced078a3b85aaac7090a698f5f5f039.jpg
东风风行,/uploads/photo/picture/29462/photo-20140923210910-5507c8050de8f2080f330a4f3ab5824b.jpg
东风小康,/uploads/photo/picture/29463/photo-20140923210910-48977978bf1940019aecd31d0c007954.jpg
东南,/uploads/photo/picture/29464/photo-20140923210910-4a1b04551a0a09463ee589b4bd77d005.jpg
Fisker,/uploads/photo/picture/29465/photo-20140923210910-a1d3120fb99eb3f31cc6f536063cc62b.jpg
法拉利,/uploads/photo/picture/29466/photo-20140923210910-6be5296762beb2fb5dabc6082144b1c0.jpg
菲亚特,/uploads/photo/picture/29467/photo-20140923210910-de05495e25e9ff2824ffbf9877274740.jpg
丰田,/uploads/photo/picture/29468/photo-20140923210910-a1c05ef26025f6b5930efdee43cfca97.jpg
福迪,/uploads/photo/picture/29469/photo-20140923210910-a1e910aa4c28aed78f66fadf8c0bec58.jpg
福汽启腾,/uploads/photo/picture/29470/photo-20140923210911-6c664833733c7f27534b8f1866138461.jpg
福特,/uploads/photo/picture/29471/photo-20140923210911-22cc3d5762e9d4d1ef0756e7a586a3d2.jpg
福田,/uploads/photo/picture/29472/photo-20140923210911-4c4e8fe9aab27a2142df8edfc22e9a7e.jpg
GMC,/uploads/photo/picture/29473/photo-20140923210911-e2b737a3e6c1534e8682563ca36726a5.jpg
Gumpert,/uploads/photo/picture/29474/photo-20140923210911-e0af8de818a9a344189d5cd5d4872dad.jpg
观致,/uploads/photo/picture/29475/photo-20140923210911-7033f5d17dad191117648c519e5c382b.jpg
光冈,/uploads/photo/picture/29476/photo-20140923210911-3315087420bc40c4da7fbfd90caaf5a5.jpg
广汽传祺,/uploads/photo/picture/29477/photo-20140923210911-19f759244c5ed269e772c852da3f26c6.jpg
广汽吉奥,/uploads/photo/picture/29478/photo-20140923210911-c28ec5c0b2223b6fbb2a022f05bff989.jpg
Hennessey,/uploads/photo/picture/29479/photo-20140923210912-0fda27fa6c283cf7a6dbb359e05d650e.gif
哈飞,/uploads/photo/picture/29480/photo-20140923210912-d73b605fc122ef4b4bdad3db2688fe79.jpg
哈弗,/uploads/photo/picture/29481/photo-20140923210912-1763136fd88e6898075c0c6e65a4b685.jpg
海格,/uploads/photo/picture/29482/photo-20140923210912-02d50e71f501f719a733e88f9a5e2de8.jpg
海马,/uploads/photo/picture/29483/photo-20140923210912-9dab8c2d8949644032237bcafe51bb71.jpg
悍马,/uploads/photo/picture/29484/photo-20140923210912-ed09330e33ff42e49cda953a8cf48c57.jpg
恒天,/uploads/photo/picture/29485/photo-20140923210913-9cc10bdab2248ee40860e2404e318c5b.jpg
红旗,/uploads/photo/picture/29486/photo-20140923210913-6019d59351ddd8c940e0ce5905b59295.jpg
华普,/uploads/photo/picture/29487/photo-20140923210913-27975fccb9df66ff95cbf73e72605d7c.jpg
华骐,/uploads/photo/picture/29488/photo-20140923210913-505c961cf13e6c51f63ddd8caf61b9f6.jpg
华泰,/uploads/photo/picture/29489/photo-20140923210913-fa5ec35b7ab796d38ecc4469e0b8441c.jpg
黄海,/uploads/photo/picture/29490/photo-20140923210913-4e83f2a3f37f0bc6e327bdce7ccf4bb8.jpg
Jeep,/uploads/photo/picture/29491/photo-20140923210913-5192521d89324a24f3e6f160985e6963.jpg
吉利汽车,/uploads/photo/picture/29492/photo-20140923210913-b6f7065df646e59d50708c50a0adace1.jpg
江淮,/uploads/photo/picture/29493/photo-20140923210913-1025227858c2936e32c19de72be03996.jpg
江铃,/uploads/photo/picture/29494/photo-20140923210913-d7432f973295aed8a67ddc9104ae1571.jpg
捷豹,/uploads/photo/picture/29495/photo-20140923210914-4b45a61cadd4724b49cccfa89c7b3c0c.jpg
金杯,/uploads/photo/picture/29496/photo-20140923210914-f19a5402184f530250ec272ba7b88e4b.jpg
金旅,/uploads/photo/picture/29497/photo-20140923210914-80a1e956003cb943ba55064ec1f5c25b.jpg
九龙,/uploads/photo/picture/29498/photo-20140923210914-3462164e0b4303a0d7c118ecfaa2fb03.jpg
KTM,/uploads/photo/picture/29499/photo-20140923210914-2f9e56bad8331f6d86b89d2e45d3cec6.jpg
卡尔森,/uploads/photo/picture/29500/photo-20140923210914-744d7dfd94acc12590a6f6e2ad637bde.jpg
卡威,/uploads/photo/picture/29501/photo-20140923210914-16983fa1e288ee29c953f8c9cce11c13.jpg
开瑞,/uploads/photo/picture/29502/photo-20140923210914-6fc5f05c68caeb1f3c767e8ce2d13548.jpg
凯佰赫,/uploads/photo/picture/29503/photo-20140923210914-7baf719821acf6ffcdd5c76b5c1bbd6c.jpg
凯迪拉克,/uploads/photo/picture/29504/photo-20140923210915-8cbe0af8125eff3484381267f6845c9a.jpg
科尼赛克,/uploads/photo/picture/29505/photo-20140923210915-961e827d4b48b8f5924ce920cfe6ae9a.jpg
克莱斯勒,/uploads/photo/picture/29506/photo-20140923210915-03225503a96b8884fca4e85d2b01c8cd.jpg
兰博基尼,/uploads/photo/picture/29507/photo-20140923210915-63a4b99786d3a0cc33b50ffd062f8f50.jpg
劳斯莱斯,/uploads/photo/picture/29508/photo-20140923210915-afc55ff46001ac462262bb674f084fc6.jpg
雷克萨斯,/uploads/photo/picture/29509/photo-20140923210915-72d02655b312f35a1f2fc966313dcdc0.jpg
雷诺,/uploads/photo/picture/29510/photo-20140923210915-c4ce9e0405fd5d3d44e147b33c562847.jpg
理念,/uploads/photo/picture/29511/photo-20140923210915-94be3fac0fb13298768bb0d7ad51d4fa.jpg
力帆,/uploads/photo/picture/29512/photo-20140923210915-46360206547ef10e99fa973ac4f650ea.jpg
莲花汽车,/uploads/photo/picture/29513/photo-20140923210916-3e75f4e3075098dbf4042227f2a3e233.gif
猎豹汽车,/uploads/photo/picture/29514/photo-20140923210916-49c8f0ef19c5c17939e88b142483ea6c.jpg
林肯,/uploads/photo/picture/29515/photo-20140923210916-95ce2b3957bcf0991cab1778837f49a0.jpg
铃木,/uploads/photo/picture/29516/photo-20140923210916-4cbd566bf68fe9081daa46cd5341b9ce.jpg
陆风,/uploads/photo/picture/29517/photo-20140923210917-953371135d226b5d26c5adf8fd122977.jpg
路虎,/uploads/photo/picture/29518/photo-20140923210917-050f999bd0c5e6f176b9fd5d45aba84a.jpg
路特斯,/uploads/photo/picture/29519/photo-20140923210917-59b9dc32eda1a5bab4ecc09e7a6905c1.jpg
MG,/uploads/photo/picture/29520/photo-20140923210917-7d849400a58889be96fc0d82ccdf3033.jpg
MINI,/uploads/photo/picture/29521/photo-20140923210917-4215b6c072b412796107a1e6eee4b960.jpg
马自达,/uploads/photo/picture/29522/photo-20140923210917-6749ec5ffadb2f4035bc5ff5f4b5c0c1.jpg
玛莎拉蒂,/uploads/photo/picture/29523/photo-20140923210917-f217e57ad70f6555addbef8078d3cb9c.jpg
迈巴赫,/uploads/photo/picture/29524/photo-20140923210917-4253d4a6def00abd40c1dea5b1fd607d.jpg
迈凯伦,/uploads/photo/picture/29525/photo-20140923210917-56fec96b0729d3c846fc947f58d1b4be.jpg
摩根,/uploads/photo/picture/29526/photo-20140923210917-6961e7b3021d5a6f982d00095ef57fe0.JPG
Noble,/uploads/photo/picture/29527/photo-20140923210918-6caa7f79b740a81b9dc749ce201c17d3.jpg
纳智捷,/uploads/photo/picture/29528/photo-20140923210918-a4d9a056bd0823a8383b69cd975bc7fd.jpg
讴歌,/uploads/photo/picture/29529/photo-20140923210918-d1f477e61cc211e12421fcd04135b97c.jpg
欧宝,/uploads/photo/picture/29530/photo-20140923210918-f3a347c83cec9536f10cf20c676d6797.jpg
欧朗,/uploads/photo/picture/29531/photo-20140923210918-3b68aaca246af123dab470141c4eb239.jpg
帕加尼,/uploads/photo/picture/29532/photo-20140923210918-c2153b799ce1b0bfe777f8a18579c5de.jpg
佩奇奥,/uploads/photo/picture/29533/photo-20140923210918-1b325bcc5ae6b73c84a443ce58994d21.jpg
奇瑞,/uploads/photo/picture/29534/photo-20140923210918-cb85059f98ce0e4c073aaaa95569bfbf.jpg
启辰,/uploads/photo/picture/29535/photo-20140923210918-40819136f6bb57ecfb172459c704ada5.jpg
起亚,/uploads/photo/picture/29536/photo-20140923210919-aa34640e4e56bc945ddb52017f73c1f0.jpg
日产,/uploads/photo/picture/29537/photo-20140923210919-b3036d537f7d97d7250ebbed7219628c.jpg
荣威,/uploads/photo/picture/29538/photo-20140923210919-dd8298dd9dfd48bce2116ffb1c90c6b2.jpg
如虎,/uploads/photo/picture/29539/photo-20140923210919-31a260669cd0b4b3e845e5740ba9fccc.jpg
瑞麒,/uploads/photo/picture/29540/photo-20140923210919-20abca76d97e195e34599b1c2b2fd9b8.jpg
Scion,/uploads/photo/picture/29541/photo-20140923210919-b5098a4b02a33db0470d324ccb3f9568.jpg
smart,/uploads/photo/picture/29542/photo-20140923210919-0679c9c87feeb1a849c26127ef901518.jpg
SPIRRA,/uploads/photo/picture/29543/photo-20140923210919-32af699d58b1075bb57bebb5d9774f65.jpg
SSC,/uploads/photo/picture/29544/photo-20140923210919-68d13c364c6240f09e30df21b6cb1c97.jpg
萨博,/uploads/photo/picture/29545/photo-20140923210919-080c60d8b7b8f78ca2945fa0cd4fd2c4.jpg
三菱,/uploads/photo/picture/29546/photo-20140923210920-afbf7240122222433cddcbb256871de2.jpg
上汽大通,/uploads/photo/picture/29547/photo-20140923210920-19b983a17accea52cbd312980d7c1271.jpg
绅宝,/uploads/photo/picture/29548/photo-20140923210920-dce32862fb8cdb17681560ca3f87da01.jpg
世爵,/uploads/photo/picture/29549/photo-20140923210920-234d7798e2529a3a7ced99ecfe1a518f.jpg
双环,/uploads/photo/picture/29550/photo-20140923210920-622c33aa8822434ca5b53bdef3fdbe8f.jpg
双龙,/uploads/photo/picture/29551/photo-20140923210920-b9390a47a20fdc78af68dbab688db16e.jpg
思铭,/uploads/photo/picture/29552/photo-20140923210920-31fc4d205bf1452176d992724896e023.jpg
斯巴鲁,/uploads/photo/picture/29553/photo-20140923210920-c60a6d8aaabfd44d237c207e2ee4a777.jpg
斯柯达,/uploads/photo/picture/29554/photo-20140923210920-6e05a0ad5eb5adba7ad963faa02b7e0b.jpg
特斯拉,/uploads/photo/picture/29555/photo-20140923210921-083c2f2176d45d7de633b728ce086699.jpg
腾势,/uploads/photo/picture/29556/photo-20140923210921-01e95e66fc62ce534e0b7e736d8e5271.jpg
威麟,/uploads/photo/picture/29557/photo-20140923210921-69b2a59b00f3728235e2d9a7a1160bc4.jpg
威兹曼,/uploads/photo/picture/29558/photo-20140923210921-5a71939277cc239ccad90cc249f81341.jpg
沃尔沃,/uploads/photo/picture/29559/photo-20140923210921-e93fb64690a8b1c02b7a11957fe539c9.jpg
沃克斯豪尔,/uploads/photo/picture/29560/photo-20140923210921-0a36cd65731748bb48e3f59a19533a9f.jpg
五菱汽车,/uploads/photo/picture/29561/photo-20140923210921-244b32a79d2178eb174d553da72af9c1.jpg
五十铃,/uploads/photo/picture/29562/photo-20140923210921-8486dac8da3200fbc51dd9e8b57246c5.jpg
西雅特,/uploads/photo/picture/29563/photo-20140923210921-012600a07e8cec98969afdbe65b4c81d.jpg
现代,/uploads/photo/picture/29564/photo-20140923210921-980e7025e7f2c7ba3503ffcf85396695.jpg
雪佛兰,/uploads/photo/picture/29565/photo-20140923210921-ffaecc0ec975d630e8ecb5142ee53dd6.jpg
雪铁龙,/uploads/photo/picture/29566/photo-20140923210922-77f64816cf35142d230ba385ddd9298c.jpg
亚琛施纳泽,/uploads/photo/picture/29567/photo-20140923210922-ae7b121fdb6068a3aef85cf0a74532b1.jpg
野马汽车,/uploads/photo/picture/29568/photo-20140923210922-2f7e72d792a2d9dc2dac2993ab77a2a5.gif
一汽,/uploads/photo/picture/29569/photo-20140923210922-a3f5dc8396f1ca0198ae2fb3acf705d6.jpg
依维柯,/uploads/photo/picture/29570/photo-20140923210922-2bf3baf66e550db44dca6a0ad0b297a6.jpg
英菲尼迪,/uploads/photo/picture/29571/photo-20140923210922-cff66d0f0f56f1d0074f030d83fad714.jpg
英致,/uploads/photo/picture/29572/photo-20140923210922-024d36ef4e27700dec46ded2aa409c29.jpg
永源,/uploads/photo/picture/29573/photo-20140923210923-02ed8a84f422fa6c8e70ce11e0cfb283.jpg
之诺,/uploads/photo/picture/29574/photo-20140923210923-3d9879bf2c57584ae7f228ee3362f082.jpg
知豆,/uploads/photo/picture/29575/photo-20140923210923-8ece4ea922fed89e8fa55e11c6c4b92d.jpg
中华,/uploads/photo/picture/29576/photo-20140923210923-ab9c7eb5d6bd1fc25065519f2f98fd3a.jpg
中兴,/uploads/photo/picture/29577/photo-20140923210923-37a496c2eb31266c8b7018be6c276666.jpg
众泰,/uploads/photo/picture/29578/photo-20140923210923-2c57c35e4451f9f787e2c64fec1edc98.jpg
成功汽车,/uploads/photo/picture/29579/photo-20140923210923-2d6bee58c37d0e31793f75eeebc03a2b.jpg
